<iframe width="300" height="300" src="https://www.youtube.com/embed/Psox3tuAYGE" frameborder="0" allow="accelerometer; autoplay; encrypted-media; gyroscope; picture-in-picture" allowfullscreen></iframe>;
<iframe width="300" height="300" src="https://www.youtube.com/embed/BAWbaJAsb6s" frameborder="0" allow="accelerometer; autoplay; encrypted-media; gyroscope; picture-in-picture" allowfullscreen></iframe>;
<iframe width="300" height="300" src="https://www.youtube.com/embed/hfGJq04ZB48" frameborder="0" allow="accelerometer; autoplay; encrypted-media; gyroscope; picture-in-picture" allowfullscreen></iframe>;
<iframe width="300" height="300" src="https://www.youtube.com/embed/2cem3ktUsHE" frameborder="0" allow="accelerometer; autoplay; encrypted-media; gyroscope; picture-in-picture" allowfullscreen></iframe>;
<iframe width="300" height="300" src="https://www.youtube.com/embed/tkB1O2BiLkU" frameborder="0" allow="accelerometer; autoplay; encrypted-media; gyroscope; picture-in-picture" allowfullscreen></iframe>;
<iframe width="300" height="300" src="https://www.youtube.com/embed/WCRU6SRk4Ds" frameborder="0" allow="accelerometer; autoplay; encrypted-media; gyroscope; picture-in-picture" allowfullscreen></iframe>;
<iframe width="300" height="300" src="https://www.youtube.com/embed/jVMgkukAc_w" frameborder="0" allow="accelerometer; autoplay; encrypted-media; gyroscope; picture-in-picture" allowfullscreen></iframe>;
<iframe width="300" height="300" src="https://www.youtube.com/embed/mSQ_uVLIHLc" frameborder="0" allow="accelerometer; autoplay; encrypted-media; gyroscope; picture-in-picture" allowfullscreen></iframe>;
<iframe width="300" height="300" src="https://www.youtube.com/embed/ZcaHH_ltY74" frameborder="0" allow="accelerometer; autoplay; encrypted-media; gyroscope; picture-in-picture" allowfullscreen></iframe>;
<iframe width="300" height="300" src="https://www.youtube.com/embed/EevIRr69oI0" frameborder="0" allow="accelerometer; autoplay; encrypted-media; gyroscope; picture-in-picture" allowfullscreen></iframe>;
<iframe width="300" height="300" src="https://www.youtube.com/embed/DsaRMYFqBwo" frameborder="0" allow="accelerometer; autoplay; encrypted-media; gyroscope; picture-in-picture" allowfullscreen></iframe>;
<iframe width="300" height="300" src="https://www.youtube.com/embed/Ix4tTEpq8P8" frameborder="0" allow="accelerometer; autoplay; encrypted-media; gyroscope; picture-in-picture" allowfullscreen></iframe>;
<iframe width="300" height="300" src="https://www.youtube.com/embed/6BPz5QSisEs" frameborder="0" allow="accelerometer; autoplay; encrypted-media; gyroscope; picture-in-picture" allowfullscreen></iframe>;
<iframe width="300" height="300" src="https://www.youtube.com/embed/yC11qoTgXqU" frameborder="0" allow="accelerometer; autoplay; encrypted-media; gyroscope; picture-in-picture" allowfullscreen></iframe>;
<iframe width="300" height="300" src="https://www.youtube.com/embed/RUs4feBlDbI" frameborder="0" allow="accelerometer; autoplay; encrypted-media; gyroscope; picture-in-picture" allowfullscreen></iframe>;
<iframe width="300" height="300" src="https://www.youtube.com/embed/s6N65NxFCxI" frameborder="0" allow="accelerometer; autoplay; encrypted-media; gyroscope; picture-in-picture" allowfullscreen></iframe>;
<iframe width="300" height="300" src="https://www.youtube.com/embed/b2fhpdn5PS8" frameborder="0" allow="accelerometer; autoplay; encrypted-media; gyroscope; picture-in-picture" allowfullscreen></iframe>;
<iframe width="300" height="300" src="https://www.youtube.com/embed/DeNNJShwKuc" frameborder="0" allow="accelerometer; autoplay; encrypted-media; gyroscope; picture-in-picture" allowfullscreen></iframe>;
